<?xml version="1.0" encoding="UTF-8"?>
<!DOCTYPE hibernate-configuration PUBLIC "-//Hibernate/Hibernate Configuration DTD 3.0//EN" "http://hibernate.sourceforge.net/hibernate-configuration-3.0.dtd">

<hibernate-configuration>
  <session-factory>
    <property name="hibernate.dialect">org.hibernate.dialect.MySQLDialect</property>
    <property name="hibernate.connection.driver_class">com.mysql.jdbc.Driver</property>
    <property name="hibernate.connection.url">jdbc:mysql://localhost:3306/guatsapp?zeroDateTimeBehavior=convertToNull</property>
    <property name="hibernate.connection.username">root</property>
    <property name="hibernate.connection.password">rivera123</property>
    
    <mapping class="pojo.Usuario"></mapping>
    <mapping class="pojo.Chat"></mapping>
    <mapping class="pojo.Mensaje"></mapping>
    <mapping class="pojo.Contacto"></mapping>
    <mapping class="pojo.cStatus"></mapping>
  </session-factory>
</hibernate-configuration>
