<?xml version="1.0" encoding="UTF-8"?>
<project-private xmlns="http://www.netbeans.org/ns/project-private/1">
    <editor-bookmarks xmlns="http://www.netbeans.org/ns/editor-bookmarks/2" lastBookmarkId="0"/>
    <open-files xmlns="http://www.netbeans.org/ns/projectui-open-files/2">
        <group>
            <file>file:/C:/Users/Enrique/Documents/NetBeansProjects/Guatsapp/src/java/dao/ChatDAO.java</file>
            <file>file:/C:/Users/Enrique/Documents/NetBeansProjects/Guatsapp/src/java/pojo/Chat.java</file>
            <file>file:/C:/Users/Enrique/Documents/NetBeansProjects/Guatsapp/web/js/Login.js</file>
            <file>file:/C:/Users/Enrique/Documents/NetBeansProjects/Guatsapp/test/TestDAOs.java</file>
            <file>file:/C:/Users/Enrique/Documents/NetBeansProjects/Guatsapp/web/inicio-sesion2.html</file>
            <file>file:/C:/Users/Enrique/Documents/NetBeansProjects/Guatsapp/web/chat.html</file>
            <file>file:/C:/Users/Enrique/Documents/NetBeansProjects/Guatsapp/web/registro2.html</file>
            <file>file:/C:/Users/Enrique/Documents/NetBeansProjects/Guatsapp/web/chat2.html</file>
            <file>file:/C:/Users/Enrique/Documents/NetBeansProjects/Guatsapp/web/index2.html</file>
            <file>file:/C:/Users/Enrique/Documents/NetBeansProjects/Guatsapp/src/java/service/IniciarUsuario.java</file>
            <file>file:/C:/Users/Enrique/Documents/NetBeansProjects/Guatsapp/web/inicio-sesion.html</file>
            <file>file:/C:/Users/Enrique/Documents/NetBeansProjects/Guatsapp/src/java/service/Registro.java</file>
            <file>file:/C:/Users/Enrique/Documents/NetBeansProjects/Guatsapp/web/index.html</file>
            <file>file:/C:/Users/Enrique/Documents/NetBeansProjects/Guatsapp/web/registro.html</file>
        </group>
    </open-files>
</project-private>
